Dentist ID,Title,First Name,Surname,Address,E-Mail Address,Salary
1,Dr.,Daniel,May,No. 81 Somewhere Street,mayfair50@hotmail.co.uk,69198
2,Dr.,James,Smith,No. 11 Generic Street,jsmith1234@hotmail.com,52492
3,Dr.,Aaron,Baker,No. 23 Random Road,arbaker6@gmail.com,47195
4,Dr.,David,Colt,No. 15 Sword Lane,colt1911@gmail.com,58450
5,Dr.,Peter,Tyndall,No. 34 Water Lane,ptyndall42@hotmail.com,45503
